Title,Date
Futures exchange CME plans to launchbitcointrading,2024-05-16
British-Chinesebitcoinmoney launderer jailed for over 6 years,2024-05-24
EuropeanbitcoinETPs suffer mounting outflows,2024-05-30
Crypto miners hoardbitcoinas supply cut looms,2024-04-18
Miners double down onbitcoinhalving,2024-04-19
The paradox of ‘sustainablebitcoin’,2024-05-13
Bitcoin: not for everyone,2024-03-26
The US’s calming effect onbitcoin,2024-04-05
Bitcoin’s halving makes its future pay-to-play,2024-04-16
BlackRock closes in on crown of world’s largestbitcoinfund,2024-05-14
Letter: Bitcoin’s halving is a big gamble for its miners too,2024-04-22
Vomiting frogs and other ‘dust’ prove vexing for USbitcoinETFs,2024-04-29
My political enemy’s enemy is my friend,2024-05-17
What the Kate Middleton story tells us aboutbitcoin,2024-03-14
Bitcoinprice hits record high,2024-03-05
Isbitcoinworth a place in your portfolio?,2024-03-29
Speak your brains: crypto edition,2024-04-08
"Geography class: Iceland to harvest more corn and lessbitcoin, says PM",2024-03-31
FTAV’s further reading,2024-05-29
SEC paves way for ethereum ETFs in boost for crypto,2024-05-23
An Anglo-Italian company says it has crackedbitcoin. People have questions,2024-03-21
"Bitcoinprice briefly tops $70,000 for first time",2024-03-08
BitcoinFog is a ghost of the past,2024-03-15
Cryptofinance: Stablecoins encroach on shadow banking system,2024-05-03
